1,,7,뉴진스,NewJeans,NewJeans
2,1,7,민지,MINJI,"
민지(MINJI)

"
3,1,7,하니,HANNI,"
하니(HANNI)

"
4,1,7,다니엘,DANIELLE,"
다니엘(DANIELLE)

"
5,1,7,해린,HAERIN,"
해린(HAERIN)

"
6,159,8,혜인,HYEIN,"
혜인(HYEIN)

"
7,,10,윤하,YOUNHA,윤하 (YOUNHA) (고윤하)
8,,7,르세라핌,LE SSERAFIM,LE SSERAFIM (르세라핌)
9,8,7,김채원,Kim Chaewon,"
김채원

"
10,8,7,미야와키 사쿠라,SAKURA,"
미야와키 사쿠라

"
11,430,8,허윤진,Heo Yoonjin,"
허윤진

"
12,8,7,카즈하,Kazuha,"
카즈하

"
13,,11,홍은채,Hong Eunchae,"
홍은채

"
14,,10,이영지,Lee Youngji,이영지
15,,7,아이브,IVE,IVE (아이브)
16,15,7,안유진,An Yujin,"
안유진 (IVE)

"
17,15,7,가을,Ga Eul,"
가을 (IVE)

"
18,15,7,레이,REI,"
레이 (IVE)

"
19,15,7,장원영,Jang Wonyoung,"
장원영 (IVE)

"
20,15,7,리즈,Ri Jeu,"
리즈 (IVE)

"
21,15,7,이서,Lee Seo,"
이서 (IVE)

"
22,,8,엔시티 드림 ,NCT DREAM,NCT DREAM
23,22,8,천러,CHENLE,"
천러 (CHENLE)

"
24,22,8,런쥔,RENJUN,"
런쥔 (RENJUN)

"
25,22,8,재민,JAEMIN,"
재민 (JAEMIN)

"
26,22,8,지성,JISUNG,"
지성 (JISUNG)

"
27,22,8,제노,JENO,"
제노 (JENO)

"
28,22,8,해찬,HAECHAN,"
해찬 (HAECHAN)

"
29,22,8,마크,MARK,"
마크 (MARK)

"
30,,7,(여자)아이들,(G)I-DLE,(여자)아이들
31,30,7,전소연,Jeon Soyeon,"
전소연

"
32,30,7,미연,Mi Yeon,"
미연 ((여자)아이들)

"
33,30,7,우기,Woo Ki,"
우기 ((여자)아이들)

"
34,30,7,슈화,SHUHUA,"
슈화 ((여자)아이들)

"
35,30,7,민니,Min Ni,"
민니 ((여자)아이들)

"
36,,10,지코,ZICO,지코 (ZICO)
37,,10,테이,Tei,테이 (김호경)
38,,10,저스디스,JUSTHIS,저스디스 (JUSTHIS)
39,,10,알티,R.Tee,R.Tee
40,,10,던말릭,DON MALIK,던말릭 (DON MALIK) (문인섭)
41,8,7,허성현,Huh,허성현 (Huh)
42,,10,칸,KHAN,KHAN
43,,10,맥대디,Mckdaddy,맥대디 (Mckdaddy)
44,,10,로스,Los,로스 (Los)
45,,10,성시경,Sung Sikyung,성시경
46,,10,태양,Tae Yang,태양 (동영배)
47,,10,송하예,Song Haye,송하예
49,,10,임영웅,Im Youngwoong,임영웅
50,,7,블랙핑크,BLACKPINK,BLACKPINK
51,50,7,지수,JISOO,"
지수 (JISOO)

"
52,50,7,제니,JENNIE,"
제니 (JENNIE)

"
53,50,7,로제,ROSÉ,"
로제 (ROSÉ)

"
54,50,7,리사,LISA,"
리사 (LISA)

"
55,,8,멜로망스,MeloMance,멜로망스
56,55,8,정동환,Jung Donghwan,"
정동환 (멜로망스)

"
57,55,8,김민석,Kim Minseok,"
김민석 (멜로망스)

"
58,,10,주호,Joo Ho,주호 (이주호)
59,,10,크러쉬,Crush,Crush (신효섭)
60,,10,우디,Woody,우디 (Woody)
61,,10,WSG 워너비,WSG WANNABE,WSG워너비 (가야G)
62,61,7,이보람,Lee Boram,"
이보람 (씨야)

"
63,61,7,소연,LABOUM,"
소연 (LABOUM)

"
64,61,7,박혜원,HYNN,"
HYNN (박혜원)

"
66,,10,정국,Jung Guk,정국 (전정국)
67,,8,방탄소년단,BTS,방탄소년단
68,67,8,랩몬스터,RM,"
RM

"
69,67,8,슈가,SUGA,"
SUGA

"
70,67,8,진,Jin ,"
진

"
71,67,8,제이홉,j-hope,"
j-hope

"
72,67,8,지민,Ji Min,"
지민

"
73,67,8,뷔,V,"
V

"
74,,10,비오,BE'O,BE'O (비오)
75,,10,십센치,10CM,10CM
76,,10,서동현,BIG Naughty,BIG Naughty (서동현)
77,,10,,Charlie Puth,Charlie Puth
78,,10,최유리,Choi Yuri,최유리
79,,10,경서,Kyung Seo,경서
80,,7,카라,Kara,카라
81,80,7,박규리,Park Kyuri,"
박규리 (카라)

"
82,80,7,한승연,Han Seungyeon,"
한승연

"
84,,10,허영지,Heo Youngji,"
허영지 (카라)

"
85,80,7,니콜,Nicole,"
니콜

"
86,80,7,강지영,Kang Jiyoung,"
강지영

"
87,,7,경서예지,Kyung Seoyeji,경서예지
88,87,7,경서,Kyung Seo,"
경서 (경서예지)

"
89,,10,전건호,Jeon Gunho,전건호
90,,10,폴킴,Paul Kim,폴킴
92,91,7,나비,Navi,"
나비 (Navi)

"
93,91,7,쏠 ,SOLE,"
SOLE (쏠)

"
94,91,7,엄지윤,Um Jiyoon,"
엄지윤

"
95,91,7,권진아,Kwon Jina,"
권진아

"
96,,10,백아,Baek A,백아
97,,10,임한별,Im Hanbyeol,임한별
98,,10,강민경,Kang Minkyung,강민경 (다비치)
99,,10,잔나비 ,JANNABI,잔나비 최정훈
100,,10,,The Kid LAROI,The Kid LAROI
101,114,8,,Justin Bieber ,Justin Bieber (Justin Drew Bieber)
102,,10,김승민,Kim Seungmin,김승민
103,,10,,Sia,Sia
104,,10,한동근,Han Donggeun,한동근
105,,10,싸이,PSY,싸이 (PSY)
106,,10,이무진,Lee Moojin,이무진
107,,8,빅뱅,BIGBANG,BIGBANG (빅뱅)
108,107,8,지드래곤,G-DRAGON,"
G-DRAGON

"
109,107,8,대성,Dae Sung,"
대성

"
110,107,8,탑,T.O.P,"
T.O.P

"
112,111,8,김도형,Kim Dohyung,"
김도형

"
113,111,8,장경준,Jang Kyungjun,"
장경준

"
114,,8,그루비룸,GroovyRoom,그루비룸 (GroovyRoom)
115,,10,,Lil Moshpit,"
Lil Moshpit

"
116,114,8,박규정,Park Kyujung,"
박규정

"
117,,10,릴보이,lIlBOI,릴보이 (lIlBOI) (오승택)
118,,10,블라세,Blase,Blase (블라세)
119,,10,노윤하,No Yoonha,노윤하
120,,10,,Polodared,Polodared
121,124,7,,Chillin Homie,Chillin Homie
122,,10,,Fleeky Bang,Fleeky Bang
123,,10,볼빨간사춘기,BOL4,볼빨간사춘기
124,,7,소녀시대,GIRLS' GENERATION,소녀시대 (GIRLS' GENERATION)
125,124,7,태연,TAEYEON,"
태연 (TAEYEON)

"
126,124,7,써니,SUNNY,"
써니 (SUNNY)

"
127,124,7,유리,YURI,"
유리 (YURI)

"
128,124,7,수영,SOOYOUNG,"
수영 (SOOYOUNG)

"
129,,10,,Tiffany Young,"
Tiffany Young

"
130,124,7,서현,SEOHYUN,"
서현 (SEOHYUN)

"
131,124,7,윤아,YOONA,"
윤아 (YOONA)

"
132,194,7,효연,HYOYEON,"
효연 (HYOYEON)

"
133,,7,에스파,aespa,aespa
134,133,7,카리나,KARINA,"
카리나 (KARINA)

"
135,133,7,지젤,GISELLE,"
지젤 (GISELLE)

"
136,133,7,윈터,WINTER,"
윈터 (WINTER)

"
137,133,7,닝닝,NINGNING,"
닝닝 (NINGNING)

"
138,,8,엠씨더맥스,M.C the MAX,엠씨더맥스 (M.C the MAX)
139,138,8,이수,Lee Soo,"
이수 (엠씨더맥스)

"
140,138,8,전민혁,Jeon Minhyuk,"
전민혁

"
141,138,8,제이윤,J. Yoon,"
J. Yoon

"
142,,10,신예영,Shin Yeyoung,신예영
143,,10,아이유,A Yiyu,아이유 (이지은)
144,,10,,Sam Smith,Sam Smith
145,,10,,Kim Petras,Kim Petras
146,,7,있지,ITZY,ITZY (있지)
147,146,7,예지,Ye Ji,"
예지 (ITZY)

"
148,146,7,리아,Ri A,"
리아 (ITZY)

"
149,146,7,류진,Ryu Jin,"
류진 (ITZY)

"
150,146,7,채령,Chae Ryung,"
채령 (ITZY)

"
151,146,7,유나,Yoo Na,"
유나 (ITZY)

"
152,,7,레드벨벳,Red Velvet,Red Velvet (레드벨벳)
153,152,7,웬디,WENDY,"
웬디 (WENDY)

"
154,152,7,아이린,IRENE,"
아이린 (IRENE)

"
155,152,7,슬기,SEULGI,"
슬기 (SEULGI)

"
156,152,7,조이,JOY,"
조이 (JOY)

"
157,152,7,예리,YERI,"
예리 (YERI)

"
158,,10,김연지,Kim Yeonji,김연지
159,,8,부석순,BSS,부석순 (SEVENTEEN)
160,159,8,도겸,Do Kyum,"
도겸 (SEVENTEEN)

"
161,159,8,승관,Seung Kwan,"
승관 (SEVENTEEN)

"
162,,11,호시,Ho Si,"
호시 (SEVENTEEN)

"
163,,8,투모로우바이투게더,TOMORROW X TOGETHER,투모로우바이투게더
164,163,8,수빈,Soo Bin,"
수빈

"
165,163,8,연준,Yeon Jun,"
연준

"
166,163,8,범규,BEOMGYU,"
범규

"
167,163,8,태현,Tae Hyun,"
태현

"
168,,8,휴닝카이,HUENINGKAI,"
휴닝카이

"
169,,10,이예준,Lee Yejun,이예준
170,,10,양다일,Yang Dail,양다일
171,,8,엔시티 127,NCT 127,NCT 127
172,171,8,태용,TAEYONG,"
태용 (TAEYONG)

"
173,171,8,재현,JAEHYUN,"
재현 (JAEHYUN)

"
174,171,8,태일,TAEIL,"
태일 (TAEIL)

"
175,171,8,윈윈,WINWIN,"
윈윈 (WINWIN)

"
176,171,8,유타,YUTA,"
유타 (YUTA)

"
177,171,8,도영,DOYOUNG,"
도영 (DOYOUNG)

"
178,171,8,쟈니,JOHNNY,"
쟈니 (JOHNNY)

"
179,171,8,정우,JUNGWOO,"
정우 (JUNGWOO)

"
180,,7,스테이씨 ,STAYC,STAYC(스테이씨)
181,180,7,수민,SUMIN,"
수민 (SUMIN)

"
182,180,7,시은,SIEUN,"
시은 (SIEUN)

"
183,180,7,아이사,ISA,"
아이사 (ISA)

"
184,180,7,세은,SEEUN,"
세은 (SEEUN)

"
185,180,7,윤,YOON,"
윤 (YOON)

"
186,180,7,재이,J,"
재이 (J)

"
187,,10,지아,Ji A,지아 (박지혜)
188,,10,디셈버 ,DK,DK(디셈버) (한대규)
189,,8,포맨,4MEN,포맨 (4MEN)
190,189,8,요셉,Yo Sep,"
요셉 (포맨)

"
191,189,8,하은,Ha Eun,"
하은 (포맨)

"
192,189,8,한빈,Han Bin,"
한빈 (포맨)

"
193,,10,,Zior Park,Zior Park
194,,7,하이키 ,H1-KEY,H1-KEY (하이키)
195,194,7,서이,Seo Yi,"
서이

"
196,194,7,리이나,Ri Yina,"
리이나

"
197,194,7,옐,YEL,"
옐

"
198,302,7,휘서,HWISEO,"
휘서

"
199,,10,,imase,imase
200,,10,,J. Cole Jermaine Lamarr Cole,J. Cole (Jermaine Lamarr Cole)
201,,10,정효빈,Jung Hyobin,정효빈
202,,10,,Anne-Marie,Anne-Marie
203,,10,나얼,Na Eol,나얼 (유나얼)
204,,10,양승호,sokodomo,sokodomo (양승호)
205,,10,베이식,Basick,베이식 (Basick)
206,,7,갓 더 비트,GOT the beat,GOT the beat
207,206,7,보아,BoA,"
보아 (BoA)

"
208,,8,,Mudd the student,Mudd the student
209,,10,먼데이 키즈,Monday Kiz,먼데이 키즈 (Monday Kiz)
210,,10,주시크,Joosiq,주시크 (Joosiq)
211,,10,아넌딜라이트,Anandelight,아넌딜라이트(Anandelight) (홍윤태)
212,,10,언오피셜보이 ,unofficialboyy,unofficialboyy
213,,10,지구인,Ji Guin,지구인 (이상운)
214,,10,디핵,D-Hack,디핵 (D-Hack)
215,,10,파테코,PATEKO,PATEKO (파테코)
216,,10,비비,BIBI,비비 (BIBI)
217,,10,개코,Gae Ko,개코
218,,10,아우릴고트,OUREALGOAT,아우릴고트 (OUREALGOAT)
219,231,8,,SINCE,SINCE
220,,10,안병웅,An Byungwoong,안병웅
221,,10,태버 ,Tabber,Tabber
222,,10,조광일,Cho Kwangil,조광일
223,,10,MSG워너비 ,M.O.M,MSG워너비(M.O.M)
224,223,8,별루지,Byeollu Ji,"
별루지

"
225,223,8,강창모,Kang Changmo,"
강창모

"
226,223,8,박재정,Park Jaejung,"
박재정

"
227,223,8,원슈타인,Won Syutain,"
원슈타인

"
228,,9,악뮤,AKMU,AKMU (악뮤)
229,228,9,이찬혁,Lee Chanhyuk,"
이찬혁

"
230,228,9,이수현,Lee Soohyun,"
이수현

"
231,231,8,,Coldplay,Coldplay
232,231,8,,Chris Martin,"
Chris Martin

"
233,231,8,,Jonny Buckland,"
Jonny Buckland

"
234,,10,,Will Champion,"
Will Champion

"
235,240,8,,Guy Berryman,"
Guy Berryman

"
236,,11,헤이즈,Heize,헤이즈 (Heize)
237,,10,김나영,Kim Nayoung,김나영
238,240,8,,Ed Sheeran,Ed Sheeran
239,,10,전상근,Jeon Sanggeun,전상근
240,,12,호미들,Ho Mideul,호미들
241,240,8,,CK,"
CK

"
242,,10,,Louie,"
Louie

"
243,,10,,Chin,"
Chin

"
244,,10,마크툽,MAKTUB,마크툽 (MAKTUB)
246,245,9,유재석,Yoo Jaeseok,"
유재석

"
247,245,9,하하,Ha Ha,"
하하

"
248,245,9,미주,MIJOO,"
미주 (MIJOO)

"
249,,10,이승윤,Lee Seungyoon,이승윤
250,,10,정동하,Jung Dongha,정동하
251,,7,브레이브걸스,Brave Girls,브레이브걸스
252,251,7,민영,MINYOUNG,"
민영 (Brave Girls)

"
253,251,7,유정,YOUJUNG,"
유정 (Brave Girls)

"
254,251,7,은지,EUNJI,"
은지 (Brave Girls)

"
255,251,7,유나,YUNA,"
유나 (Brave Girls)

"
256,,10,송이한,Song Yihan,송이한
257,,7,오마이걸,OH MY GIRL,오마이걸 (OH MY GIRL)
258,,10,효정,HYOJUNG ,"
효정 (오마이걸)

"
259,257,7,미미,Mi Mi,"
미미 (오마이걸)

"
260,257,7,유아,Yoo A,"
유아 (오마이걸)

"
261,257,7,승희,Seung Hee,"
승희 (오마이걸)

"
262,257,7,유빈,Yoo Bin,"
유빈 (오마이걸)

"
263,257,7,아린,A Rin,"
아린 (오마이걸)

"
264,,10,케이윌,K.WILL,케이윌 (김형수)
265,,10,산들,SANDEUL,산들 (이정환)
266,,10,조정석,Cho Jungseok,조정석
267,,10,윤진영,ASH ISLAND,ASH ISLAND (윤진영)
268,,10,엠씨몽 ,MC MONG,MC몽
269,,10,전소미,Jeon Somi,전소미
270,,10,케이시,Kassy,케이시 (Kassy)
271,,7,다비치,DAVICHI,다비치
272,271,7,이해리,Lee Haeri,"
이해리 (다비치)

"
273,,10,,GAYLE,GAYLE
274,,10,탑현,Tophyun,탑현
275,,10,,Jawsh 685,Jawsh 685
276,,10,,Jason Derulo,Jason Derulo
277,,10,송민호,MINO,MINO (송민호)
278,,10,샘김,Sam Kim,샘김 (Sam Kim)
279,,10,쿤타,KOONTA,KOONTA (쿤타) (안태현)
280,,8,,Ariana Grande Ariana Grande-Butera,Ariana Grande (Ariana Grande-Butera)
281,,10,최예나,YENA,YENA (최예나)
282,,8,노을,No Eul,노을
283,282,8,이상곤,Lee Sanggon,"
이상곤 (노을)

"
284,282,8,전우성,Jeon Woosung,"
전우성 (노을)

"
285,282,8,강균성,Kang Kyunsung,"
강균성 (노을)

"
286,282,8,나성호,Na Sungho,"
나성호 (노을)

"
287,,10,쿠기,Coogie,쿠기 (Coogie)
288,,10,선예,Sun Ye,선예 (민선예)
289,,10,임슬옹,Im Seulong,임슬옹
290,163,8,휘인,Whee In,휘인 (Whee In)
291,,7,프로미스나인,Fromis_9,프로미스나인
292,291,7,노지선,No Jisun,"
노지선 (프로미스나인)

"
293,291,7,송하영,Song Hayoung,"
송하영 (프로미스나인)

"
294,291,7,이새롬,Lee Saerom,"
이새롬 (프로미스나인)

"
295,291,7,이채영,Lee Chaeyoung,"
이채영 (프로미스나인)

"
296,291,7,이나경,Lee Nakyung,"
이나경 (프로미스나인)

"
297,291,7,박지원,Park Jiwon,"
박지원 (프로미스나인)

"
298,291,7,이서연,Lee Seoyeon,"
이서연 (프로미스나인)

"
299,291,7,백지헌,Baek Jiheon,"
백지헌 (프로미스나인)

"
300,,12,황인욱,Hwang Inwook,황인욱
301,,10,토일,TOIL,TOIL
302,,7,케플러,Kep1er,Kep1er (케플러)
303,302,7,최유진,Choi Yujin,"
최유진

"
304,302,7,샤오팅,XIAOTING,"
샤오팅

"
305,302,7,마시로,Ma Siro,"
마시로

"
306,302,7,김채현,Kim Chaehyun,"
김채현

"
307,302,7,김다연,Kim Dayeon,"
김다연

"
308,,7,히카루,HIKARU,"
히카루

"
309,302,7,휴닝바히에,HUENING BAHIYYIH,"
휴닝바히에

"
310,302,7,서영은,Seo Youngeun,"
서영은

"
311,302,7,예서,Ye Seo,"
예서

"
312,,10,박재범,Park Jaebum,박재범
313,,8,비투비,BTOB,비투비
314,313,8,서은광,Seo Eunkwang,"
서은광 (비투비)

"
315,313,8,이민혁,HUTA,"
이민혁 (HUTA)

"
316,313,8,이창섭,Lee Changsub,"
이창섭

"
317,313,8,임현식,Im Hyunsik,"
임현식 (비투비)

"
318,313,8,프니엘,PENIEL,"
프니엘 (PENIEL)

"
319,313,8,육성재,Yuk Sungjae,"
육성재 (비투비)

"
320,,8,에픽하이,EPIK HIGH,에픽하이 (EPIK HIGH)
321,320,8,타블로 ,Tablo,"
Tablo

"
322,320,8,미쓰라 진,Mithra,"
미쓰라 진

"
323,320,8,투컷,Tukutz,"
DJ 투컷

"
324,392,8,,Kelly Clarkson Kelly Brianne Clarkson,Kelly Clarkson (Kelly Brianne Clarkson)
325,,10,적재,Jukjae,적재 (정재원)
326,,10,박봄,Park Bom,박봄 (Park Bom)
327,,9,자우림,Ja Woorim,자우림
328,327,9,김윤아,Kim Yoona,"
김윤아

"
329,327,9,이선규,Lee Sunkyu,"
이선규

"
330,327,9,김진만,Kim Jinman,"
김진만

"
331,,8,하이포 ,HIGH4,HIGH4 (하이포)
332,331,8,김윤오,Kim Yoono,"
김윤오

"
333,331,8,백명한,Baek Myunghan,"
백명한

"
334,331,8,임영준,Im Youngjun,"
임영준 (하이포)

"
335,331,8,알렉스,Alex,"
알렉스 (하이포)

"
336,,8,버스커 버스커,Busker Busker ,버스커 버스커
337,336,8,장범준,Jang Bumjun,"
장범준

"
338,336,8,브래드,Brad,"
브래드

"
339,,8,형태,Hyung Tae,"
형태

"
340,,10,벤,Ben,벤
341,,8,하이라이트,Highlight,하이라이트 (Highlight)
342,341,8,윤두준,Yoon Doojun,"
윤두준

"
343,341,8,양요섭,Yang Yosub,"
양요섭

"
344,341,8,이기광,Lee Kikwang,"
이기광

"
345,341,8,손동운,Son Dongwoon,"
손동운

"
348,,10,보나,BONA,보나(우주소녀)
350,,10,이주명,Lee Jumyung,이주명
351,,10,로꼬,Ro Kko,로꼬
352,,10,유주,YUJU,유주 (YUJU)
353,,7,엔믹스,NMIXX,NMIXX
354,353,7,릴리,NMIXX,"
릴리 (NMIXX)

"
355,353,7,해원,Hae Won,"
해원 (NMIXX)

"
356,353,7,설윤,Seol Yoon,"
설윤 (NMIXX)

"
357,353,7,배이,Bae Yi,"
배이 (NMIXX)

"
358,353,7,지우,Ji Woo,"
지우 (NMIXX)

"
359,353,7,규진,NMIXX,"
규진 (NMIXX)

"
360,,10,임창정,Im Changjung,임창정
361,,10,제시,Jessi,제시 (Jessi) (호현주)
362,,10,하성운,Ha Sungwoon,하성운
363,,8,세븐틴,SEVENTEEN,세븐틴 (SEVENTEEN)
364,363,8,에스쿱스,S.COUPS ,"
S.COUPS (SEVENTEEN)

"
365,363,8,정한,Jung Han,"
정한 (SEVENTEEN)

"
366,363,8,조슈아,Cho Syua,"
조슈아 (SEVENTEEN)

"
367,363,8,준,Jun ,"
준 (SEVENTEEN)

"
368,363,8,원우,Won Woo,"
원우 (SEVENTEEN)

"
369,363,8,민규,Min Kyu,"
민규 (SEVENTEEN)

"
370,363,8,디에잇,THE 8,"
디에잇 (SEVENTEEN)

"
371,363,8,버논 ,Vernon,"
Vernon (SEVENTEEN)

"
372,363,8,디노,DINO,"
디노 (SEVENTEEN)

"
373,363,8,우지,WOOZI ,"
WOOZI (SEVENTEEN)

"
374,,8,브이오에스,V.O.S,V.O.S
375,374,8,김경록,Kim Kyungrok,"
김경록 (V.O.S)

"
376,374,8,최현준,Choi Hyunjun,"
최현준 (V.O.S)

"
377,374,8,박지헌,Park Jiheon,"
박지헌

"
378,,10,임재현,Im Jaehyun,임재현
381,380,7,윤은혜,Yoon Eunhye,"
윤은혜

"
382,380,7,코타,KOTA,"
코타 (써니힐)

"
383,380,7,박진주,Park Jinju,"
박진주

"
384,380,7,조현아,Cho Hyuna,"
조현아 (어반자카파)

"
385,,10,선미,Sun Mi,선미 (이선미)
386,,8,위너,WINNER,WINNER
387,386,8,강승윤,Kang Seungyoon,"
강승윤

"
388,386,8,김진우,JINU,"
JINU (김진우)

"
389,386,8,이승훈,Lee Seunghoon,"
이승훈

"
390,,10,이석훈,Lee Seokhoon,이석훈
391,,10,청하,CHUNG HA,청하
392,392,8,,OneRepublic,OneRepublic
393,392,8,,Ryan Tedder,"
Ryan Tedder

"
394,392,8,,Zach Filkins,"
Zach Filkins

"
395,392,8,,Brent Kutzle,"
Brent Kutzle

"
396,392,8,,Drew Brown,"
Drew Brown

"
397,,10,,Eddie Fisher,"
Eddie Fisher

"
398,,10,,Brian Willett,"
Brian Willett

"
400,,10,윤미래,Yoon Mi Rae,"윤미래 (윤미래, Natasha Shanta Reid)"
401,,7,트와이스,TWICE,TWICE (트와이스)
402,401,7,정연,Jung Yeon,"
정연

"
403,401,7,모모,Mo Mo,"
모모

"
404,401,7,사나,Sa Na,"
사나

"
405,401,7,지효,Ji Hyo,"
지효 (TWICE)

"
406,401,7,미나,Mi Na,"
미나

"
407,401,7,다현,DAHYUN,"
다현

"
408,401,7,채영,Chae Young,"
채영

"
409,401,7,쯔위,TZUYU,"
쯔위

"
410,,10,보라미유,BORAMIYU,보라미유
411,,10,써니사이드,MJ,MJ (써니사이드) (한명준)
412,,10,21학번,Kim Ayoung,21학번
413,,10,우원재,Woo Wonjae,우원재
414,,10,미노이,meenoi,meenoi (미노이)
415,,10,이영현,Lee Younghyun,이영현
416,,10,,Benson Boone,Benson Boone
417,,10,,Mariah Carey Mariah Angela Carey,Mariah Carey (Mariah Angela Carey)
418,,8,엑소,EXO,EXO
419,418,8,카이,KAI,"
카이 (KAI)

"
420,418,8,첸,CHEN,"
첸 (CHEN)

"
421,418,8,세훈,SEHUN,"
세훈 (SEHUN)

"
422,418,8,레이,LAY,"
레이 (LAY)

"
423,418,8,시우민,XIUMIN,"
시우민 (XIUMIN)

"
424,418,8,백현,BAEKHYUN,"
백현 (BAEKHYUN)

"
425,418,8,디오,D.O.,"
디오 (D.O.)

"
426,418,8,수호,SUHO,"
수호 (SUHO)

"
427,418,8,찬열,CHANYEOL,"
찬열 (CHANYEOL)

"
428,,10,박효신,Park Hyosin,박효신
430,,8,빅스,VIXX,VIXX (빅스)
431,430,8,엔,N,"
엔 (N)

"
432,430,8,레오,LEO,"
레오(LEO)

"
433,430,8,라비,RAVI,"
라비 (RAVI)

"
434,430,8,켄,KEN,"
켄(KEN)

"
435,,11,혁,HYUK,"
HYUK(혁)

"
436,,10,토이고,toigo,토이고 (toigo)
437,,10,제이켠,J'Kyun,제이켠 (J'Kyun) (김정태)
438,,10,잠비노,Jambino,잠비노 (Jambino)
439,,10,,XINSAYNE,XINSAYNE
440,,,,Alessia Cara,Alessia Cara
441,,10,릴러말즈,Leellamarz,릴러말즈 (Leellamarz)
442,,10,크루셜스타,CRUCiAL STAR,크루셜스타 (CRUCiAL STAR)
444,,10,김재욱,Kim Jaewook,김재욱
445,,,,NSW yoon,NSW yoon
446,,10,다민이,DAMINI,다민이 (DAMINI)
447,,10,유림,Yoo Rim,유림
447,,12,갈소원,Gal Sowon,
448,,12,강기둥,Kang Kidung,
449,,11,강기영,Kang Kiyoung,
450,,11,강길우,Kang Gilwoo,
451,,11,강남길,Kang Namgil,
452,,11,강동원,Kang Dongwon,
453,,12,강래연,Kang Raeyeon,
454,,12,강미나,Kang Mina,
455,,12,강민아,Kang Mina,
456,,12,강민혁,Kang Minhyuk,
457,,12,강별,Kang Byeol,
458,,12,강부자,Kang Booja,
459,,11,강새봄,Kang Saebom,
460,,12,강성연,Kang Sungyeon,
461,,12,강성필,Kang Sungpil,
462,,12,강소라,Kang Sora,
463,,12,강수진,Kang Soojin,
464,,12,강예빈,Kang Yebin,
465,,11,강예서,Kang Yeseo,
466,,12,강예원,Kang Yewon,
467,,11,강유석,Kang Yuseok,
468,,12,강은비,Kang Eunbi,
469,,12,강은빈,Kang Eunbin,
470,,11,강은애,Kang Eunae,
471,,11,강은탁,Kang Euntak,
472,,11,강지섭,Kang Jisub,
473,,11,강지은,Kang Jieun,
474,,11,강태오,Kang Taeo,
475,,11,강하늘,Kang Haneul,
476,,12,강한나,Kang Hanna,
477,,11,강한별,Kang Hanbyeol,
478,,12,강혜정,Kang Hyejung,
479,,11,강훈,Kang Hoon,
480,,12,강희선,Kang Heesun,
481,,12,견미리,Kyun Miri,
482,,12,경수진,Kyung Soojin,
483,,11,고경표,Ko Kyungpyo,
484,,11,고규필,Ko Kyupil,
485,,12,고두심,Ko Doosim,
486,,12,고민시,Ko Minsi,
487,,12,고보결,Ko Bogyeol,
488,,11,고수,Ko Soo,
489,,12,고수희,Ko Soohee,
490,,12,고아라,Ko Ara,
491,,12,고아성,Ko Asung,
492,,12,고원희,Ko Wonhee,
493,,11,고윤,Ko Yoon,
494,,12,고윤정,Ko Yoonjung,
495,,11,고창석,Ko Changseok,
496,,12,공다임,Gong Daim,
497,,11,공명,Gong Myung,
498,,12,공민정,Gong Minjung,
499,,12,공승연,Gong Seungyeon,
500,,11,공유,Gong Yu,
501,,11,공찬,Gong Chan,
502,,11,공형진,Gong Hyungjin,
503,,12,공효진,Gong Hyojin,
504,,11,곽규미,Kwak Kyumi,
505,,11,곽도원,Kwak Dowon,
506,,11,곽동연,Kwak Dongyeon,
507,,12,곽민규,Kwak Minkyu,
508,,11,곽시양,Kwak Siyang,
509,,12,곽정욱,Kwak Jungwook,
510,,11,곽진무,Kwak Jinmoo,
511,,11,곽진석,Kwak Jinseok,
512,,11,구교환,Gu Kyohwan,
513,,11,구성환,Gu Sunghwan,
514,,11,구자형,Gu Jahyung,
515,,12,구재이,Gu Jaeyi,
516,,12,구혜령,Gu Hyeryung,
517,,12,권나라,Kwon Nara,
518,,12,권상우,Kwon Sangwoo,
519,,12,권성혁,Kwon Sunghyuk,
520,,12,권소현,Kwon Sohyun,
521,,11,권수현,Kwon Soohyun,
522,,12,권율,Kwon Yul,
523,,12,권지우,Kwon Jiwoo,
524,,11,권현빈,Kwon Hyunbin,
525,,12,금보라,Geum Bora,
526,,12,금새록,Geum Saerok,
527,,12,기은세,Gi Eunse,
528,,12,김가연,Kim Gayeon,
529,,11,김갑수,Kim Gabsoo,
530,,11,김강민,Kim Kangmin,
531,,12,김강우,Kim Kangwoo,
532,,11,김강현,Kim Kanghyun,
533,,11,김강훈,Kim Kanghoon,
534,,11,김경남,Kim Kyungnam,
535,,12,김고은,Kim Goeun,
536,,11,김광규,Kim Kwangkyu,
537,,12,김규리,Kim Kyuri,
538,,11,김기범,Kim Kibum,
539,,11,김남길,Kim Namgil,
540,,12,김남연,Kim Namyeon,
541,,11,김남주,Kim Namju,
542,,12,김다미,Kim Dami,
543,,11,김대명,Kim Daemyung,
544,,11,김도영,Kim Doyoung,
545,,11,김도완,Kim Dowan,
546,,11,김도윤,Kim Doyoon,
547,,11,김도현,Kim Dohyun,
548,,12,김동완,Kim Dongwan,
549,,11,김동욱,Kim Dongwook,
550,,11,김동휘,Kim Donghwi,
551,,11,김동희,Kim Donghee,
552,,11,김래원,Kim Raewon,
553,,11,김명민,Kim Myungmin,
554,,11,김명수,Kim Myungsoo,
555,,11,김무열,Kim Mooyeol,
556,,12,김민경,Kim Minkyung,
557,,11,김민교,Kim Minkyo,
558,,11,김민귀,Kim Mingui,
559,,11,김민규,Kim Minkyu,
560,,11,김민기,Kim Minki,
561,,11,김민상,Kim Minsang,
562,,12,김민서,Kim Minseo,
563,,11,김민석,Kim Minseok,
564,,11,김민영,Kim Minyoung,
565,,11,김민재,Kim Minjae,
566,,12,김민정,Kim Minjung,
567,,12,김민종,Kim Minjong,
568,,11,김민준,Kim Minjun,
569,,12,김민희,Kim Minhee,
570,,11,김범,Kim Bum,
571,,11,김병기,Kim Byungki,
572,,12,김병옥,Kim Byungok,
573,,11,김병철,Kim Byungchul,
574,,12,김보라,Kim Bora,
575,,12,김보미,Kim Bomi,
576,,12,김사랑,Kim Sarang,
577,,11,김산호,Kim Sanho,
578,,11,김상경,Kim Sangkyung,
579,,11,김상동,Kim Sangdong,
580,,11,김상중,Kim Sangjoong,
581,,11,김상호,Kim Sangho,
582,,12,김새론,Kim Saeron,
583,,11,김새벽,Kim Saebyeok,
584,,11,김서영,Kim Seoyoung,
585,,11,김서하,Kim Seoha,
586,,12,김서형,Kim Seohyung,
587,,12,김선영,Kim Sunyoung,
588,,11,김성규,Kim Sungkyu,
589,,11,김성균,Kim Sungkyun,
590,,12,김성령,Kim Sungryung,
591,,11,김성오,Kim Sungo,
592,,11,김성철,Kim Sungchul,
593,,11,김세정,Kim Sejung,
594,,12,김세준,Kim Sejun,
595,,12,김소빈,Kim Sobin,
596,,12,김소연,Kim Soyeon,
597,,12,김소은,Kim Soeun,
598,,12,김소이,Kim Soyi,
599,,11,김소현,Kim Sohyun,
600,,11,김소형,Kim Sohyung,
601,,12,김소혜,Kim Sohye,
602,,11,김소희,Kim Sohee,
603,,12,김수로,Kim Sooro,
604,,12,김수미,Kim Soomi,
605,,12,김수안,Kim Sooan,
606,,12,김수연,Kim Sooyeon,
607,,12,김수현,Kim Soohyun,
608,,11,김슬기,Kim Seulki,
609,,11,김시은,Kim Sieun,
610,,12,김시후,Kim Sihoo,
611,,12,김신록,Kim Sinrok,
612,,12,김신영,Kim Sinyoung,
613,,11,김아중,Kim Ajoong,
614,,12,김여진,Kim Yeojin,
615,,11,김영광,Kim Youngkwang,
616,,11,김영대,Kim Youngdae,
617,,11,김영애,Kim Youngae,
618,,12,김영옥,Kim Youngok,
619,,11,김영재,Kim Youngjae,
620,,11,김영철,Kim Youngchul,
621,,12,김예원,Kim Yewon,
622,,11,김예은,Kim Yeeun,
623,,12,김옥빈,Kim Okbin,
624,,11,김용건,Kim Yonggun,
625,,11,김우빈,Kim Woobin,
626,,11,김우석,Kim Wooseok,
627,,12,김원준,Kim Wonjun,
628,,11,김원효,Kim Wonhyo,
629,,12,김유미,Kim Yumi,
630,,11,김윤석,Kim Yoonseok,
631,,11,김윤성,Kim Yoonsung,
632,,12,김은수,Kim Eunsoo,
633,,11,김의성,Kim Euisung,
634,,12,김이경,Kim Yikyung,
635,,11,김인권,Kim Inkwon,
636,,11,김재경,Kim Jaekyung,
637,,11,김재영,Kim Jaeyoung,
638,,11,김재욱,Kim Jaewook,
639,,12,김지안,Kim Jian,
640,,12,김지영,Kim Jiyoung,
641,,12,김지원,Kim Jiwon,
642,,12,김지은,Kim Jieun,
643,,11,김진우,Kim Jinwoo,
644,,11,김찬우,Kim Chanwoo,
645,,11,김창완,Kim Changwan,
646,,12,김태리,Kim Taeri,
647,,11,김하균,Kim Hakyun,
648,,11,김하늘,Kim Haneul,
649,,12,김하은,Kim Haeun,
650,,12,김현주,Kim Hyunju,
651,,11,김형석,Kim Hyungseok,
652,,12,김혜리,Kim Hyeri,
653,,12,김혜수,Kim Hyesoo,
654,,12,김혜윤,Kim Hyeyoon,
655,,12,김혜은,Kim Hyeeun,
656,,12,김혜인,Kim Hyein,
657,,12,김혜자,Kim Hyeja,
658,,11,김혜준,Kim Hyejun,
659,,12,김혜진,Kim Hyejin,
660,,12,김희선,Kim Heesun,
661,,12,김희애,Kim Heeae,
662,,11,김희원,Kim Heewon,
663,,12,김희정,Kim Heejung,
664,,11,나나,Na Na,
665,,12,나문희,Na Moonhee,
666,,12,나영희,Na Younghee,
667,,11,나인우,Na Inwoo,
668,,12,나혜미,Na Hyemi,
669,,11,남궁민,Namgung Min,
670,,12,남규리,Nam Kyuri,
671,,12,남보라,Nam Bora,
672,,12,남상미,Nam Sangmi,
673,,12,남상지,Nam Sangji,
674,,11,남윤수,Nam Yoonsoo,
675,,12,남일우,Nam Ilwoo,
676,,11,남주혁,Nam Juhyuk,
677,,12,남지현,Nam Jihyun,
678,,11,남태훈,Nam Taehoon,
679,,11,노민우,No Minwoo,
680,,12,노윤서,No Yoonseo,
681,,12,노정의,No Jungeui,
682,,11,노종현,No Jonghyun,
683,,11,노주현,No Juhyun,
684,,12,라미란,Ra Miran,
685,,11,로운,Ro Woon,
686,,11,류경수,Ryu Kyungsoo,
687,,11,류담,Ryu Dam,
688,,11,류덕환,Ryu Dukhwan,
689,,11,류성록,Ryu Sungrok,
690,,12,류수영,Ryu Sooyoung,
691,,11,류승룡,Ryu Seungryong,
692,,11,류승범,Ryu Seungbum,
693,,11,류승수,Ryu Seungsoo,
694,,12,류아벨,Ryu Abel,
695,,11,류연석,Ryu Yeonseok,
696,,11,류준열,Ryu Junyeol,
697,,11,류진,Ryu Jin,
698,,12,류현경,Ryu Hyunkyung,
699,,12,류혜영,Ryu Hyeyoung,
700,,12,류화영,Ryu Hwayoung,
701,,11,마동석,Ma Dongseok,
702,,12,문가영,Moon Gayoung,
703,,11,문근영,Moon Geunyoung,
704,,12,문소리,Moon Sori,
705,,12,문예원,Moon Yewon,
706,,11,문재인,Moon Jaein,
707,,12,문지인,Moon Jiin,
708,,12,민효린,Min Hyorin,
709,,11,박경림,Park Kyungrim,
710,,12,박규영,Park Kyuyoung,
711,,11,박기웅,Park Kiwoong,
712,,12,박미선,Park Misun,
713,,12,박민영,Park Minyoung,
714,,11,박병은,Park Byungeun,
715,,11,박보검,Park Bogeom,
716,,12,박보경,Park Bokyung,
717,,12,박보영,Park Boyoung,
718,,11,박서준,Park Seojun,
719,,12,박선영,Park Sunyoung,
720,,12,박성연,Park Sungyeon,
721,,11,박성웅,Park Sungwoong,
722,,12,박성일,Park Sungil,
723,,11,박성훈,Park Sunghoon,
724,,11,박소담,Park Sodam,
725,,12,박소이,Park Soyi,
726,,12,박소진,Park Sojin,
727,,11,박수진,Park Soojin,
728,,12,박시연,Park Siyeon,
729,,11,박시영,Park Siyoung,
730,,11,박시윤,Park Siyoon,
731,,11,박시후,Park Sihoo,
732,,12,박신양,Park Sinyang,
733,,12,박신혜,Park Sinhye,
734,,11,박영규,Park Youngkyu,
735,,11,박영운,Park Youngwoon,
736,,12,박예린,Park Yerin,
737,,12,박예진,Park Yejin,
738,,11,박용하,Park Yongha,
739,,11,박웅,Park Woong,
740,,11,박원상,Park Wonsang,
741,,12,박원숙,Park Wonsook,
742,,12,박유나,Park Yuna,
743,,11,박유신,Park Yusin,
744,,12,박유천,Park Yuchun,
745,,11,박윤재,Park Yoonjae,
746,,12,박은빈,Park Eunbin,
747,,11,박은석,Park Eunseok,
748,,11,박은옥,Park Eunok,
749,,12,박은지,Park Eunji,
750,,12,박은혜,Park Eunhye,
751,,11,박인환,Park Inhwan,
752,,12,박인후,Park Inhoo,
753,,11,박재정,Park Jaejung,
754,,11,박정민,Park Jungmin,
755,,12,박정수,Park Jungsoo,
756,,12,박정아,Park Junga,
757,,11,박정우,Park Jungwoo,
758,,11,박정표,Park Jungpyo,
759,,11,박종환,Park Jonghwan,
760,,11,박준규,Park Junkyu,
761,,11,박지빈,Park Jibin,
762,,11,박지아,Park Jia,
763,,12,박지연,Park Jiyeon,
764,,12,박지영,Park Jiyoung,
765,,11,박지윤,Park Jiyoon,
766,,11,박지일,Park Jiil,
767,,12,박지현,Park Jihyun,
768,,11,박지환,Park Jihwan,
769,,12,박지후,Park Jihoo,
770,,11,박지훈,Park Jihoon,
771,,11,박진우,Park Jinwoo,
772,,12,박진주,Park Jinju,
773,,11,박철,Park Chul,
774,,11,박철민,Park Chulmin,
775,,11,박철호,Park Chulho,
776,,12,박하나,Park Hana,
777,,12,박하선,Park Hasun,
778,,12,박한별,Park Hanbyeol,
779,,12,박해미,Park Haemi,
780,,11,박해수,Park Haesoo,
781,,11,박해인,Park Haein,
782,,12,박해일,Park Haeil,
783,,12,박해준,Park Haejun,
784,,11,박해진,Park Haejin,
785,,11,박형식,Park Hyungsik,
786,,12,박혜수,Park Hyesoo,
787,,12,박혜영,Park Hyeyoung,
788,,11,박호산,Park Hosan,
789,,12,박환희,Park Hwanhee,
790,,12,박효주,Park Hyoju,
791,,11,박훈,Park Hoon,
792,,11,박희순,Park Heesoon,
793,,12,배다빈,Bae Dabin,
794,,12,배두나,Bae Doona,
795,,11,배성우,Bae Sungwoo,
796,,11,배수빈,Bae Soobin,
797,,12,배수지,Bae Sooji,
798,,11,배용준,Bae Yongjun,
799,,12,배윤경,Bae Yoonkyung,
800,,11,배인혁,Bae Inhyuk,
801,,12,배정남,Bae Jungnam,
802,,11,배제기,Bae Jeki,
803,,12,배종옥,Bae Jongok,
804,,11,배현성,Bae Hyunsung,
805,,11,백일섭,Baek Ilsub,
806,,11,백지혜,Baek Jihye,
807,,11,백현,Baek Hyun,
808,,12,백현주,Baek Hyunju,
809,,11,백현진,Baek Hyunjin,
810,,11,변요한,Byun Yohan,
811,,11,변우민,Byun Woomin,
812,,11,변우석,Byun Wooseok,
813,,12,변정수,Byun Jungsoo,
814,,11,봉태규,Bong Taekyu,
815,,11,서강준,Seo Kangjun,
816,,12,서신애,Seo Sinae,
817,,12,서예지,Seo Yeji,
818,,11,서우,Seo Woo,
819,,12,서우림,Seo Woorim,
820,,12,서유리,Seo Yuri,
821,,12,서은경,Seo Eunkyung,
822,,12,서은수,Seo Eunsoo,
823,,12,서은채,Seo Eunchae,
824,,12,서이숙,Seo Yisook,
825,,11,서인국,Seo Inguk,
826,,12,서지혜,Seo Jihye,
827,,12,서지희,Seo Jihee,
828,,11,서하준,Seo Hajun,
829,,11,서현우,Seo Hyunwoo,
830,,12,서현진,Seo Hyunjin,
831,,11,선동혁,Sun Donghyuk,
832,,12,선우용여,Sunwoo Yongyeo,
833,,11,설경구,Seol Kyunggu,
834,,11,설영범,Seol Youngbum,
835,,12,설인아,Seol Ina,
836,,12,설현,Seol Hyun,
837,,11,성기윤,Sung Kiyoon,
838,,11,성동일,Sung Dongil,
839,,12,성령,Sung Ryung,
840,,11,성훈,Sung Hoon,
841,,12,소주연,So Juyeon,
842,,11,소지섭,So Jisub,
843,,12,손나은,Son Naeun,
844,,12,손담비,Son Dambi,
845,,11,손동운,Son Dongwoon,
846,,11,손병호,Son Byungho,
847,,11,손석구,Son Seokgu,
848,,12,손예진,Son Yejin,
849,,11,손우현,Son Woohyun,
850,,12,손은서,Son Eunseo,
851,,11,손현주,Son Hyunju,
852,,11,손호준,Son Hojun,
853,,11,송강,Song Kang,
854,,11,송강호,Song Kangho,
855,,11,송새벽,Song Saebyeok,
856,,11,송선미,Song Sunmi,
857,,11,송승현,Song Seunghyun,
858,,11,송승환,Song Seunghwan,
859,,11,송영규,Song Youngkyu,
860,,12,송윤아,Song Yoona,
861,,11,송일국,Song Ilguk,
862,,11,송재호,Song Jaeho,
863,,11,송중기,Song Joongki,
864,,12,송지효,Song Jihyo,
865,,11,송창의,Song Changeui,
866,,11,송하림,Song Harim,
867,,12,송하윤,Song Hayoon,
868,,12,송혜교,Song Hyekyo,
869,,11,수애,Soo Ae,
870,,12,수영,Soo Young,
871,,12,수지,Soo Ji,
872,,11,수현,Soo Hyun,
873,,12,승희,Seung Hee,
874,,11,신구,Shin Gu,
875,,12,신동미,Shin Dongmi,
876,,11,신동욱,Shin Dongwook,
877,,12,신명성,Shin Myungsung,
878,,12,신민아,Shin Mina,
879,,11,신성록,Shin Sungrok,
880,,11,신성우,Shin Sungwoo,
881,,12,신세경,Shin Sekyung,
882,,11,신소율,Shin Soyul,
883,,11,신승호,Shin Seungho,
884,,12,신시아,Shin Sia,
885,,11,신신애,Shin Sinae,
886,,12,신예은,Shin Yeeun,
887,,12,신예찬,Shin Yechan,
888,,12,신은경,Shin Eunkyung,
889,,12,신은수,Shin Eunsoo,
890,,12,신은정,Shin Eunjung,
891,,11,신재하,Shin Jaeha,
892,,11,신재휘,Shin Jaehwi,
893,,11,신주아,Shin Jua,
894,,12,신지,Shin Ji,
895,,11,신지호,Shin Jiho,
896,,11,신하균,Shin Hakyun,
897,,12,신현빈,Shin Hyunbin,
898,,11,신현승,Shin Hyunseung,
899,,12,신현탁,Shin Hyuntak,
900,,12,신혜선,Shin Hyesun,
901,,12,신혜정,Shin Hyejung,
902,,12,심규혁,Sim Kyuhyuk,
903,,12,심소영,Sim Soyoung,
904,,12,심은경,Sim Eunkyung,
905,,12,심이영,Sim Yiyoung,
906,,12,아린,A Rin,
907,,12,안길강,An Gilkang,
908,,11,안남희,An Namhee,
909,,11,안내상,An Naesang,
910,,11,안도규,An Dokyu,
911,,11,안보현,An Bohyun,
912,,11,안상태,An Sangtae,
913,,11,안소이,An Soyi,
914,,12,안소희,An Sohee,
915,,11,안승훈,An Seunghoon,
916,,12,안시은,An Sieun,
917,,12,안시하,An Siha,
918,,11,안용준,An Yongjun,
919,,11,안우연,An Wooyeon,
920,,11,안유정,An Yujung,
921,,12,안은진,An Eunjin,
922,,12,안재모,An Jaemo,
923,,12,안재욱,An Jaewook,
924,,11,안재현,An Jaehyun,
925,,11,안재홍,An Jaehong,
926,,11,안정훈,An Junghoon,
927,,11,안지호,An Jiho,
928,,11,안창환,An Changhwan,
929,,11,안태환,An Taehwan,
930,,11,안효섭,An Hyosub,
931,,12,양경원,Yang Kyungwon,
932,,11,양대혁,Yang Daehyuk,
933,,11,양동근,Yang Donggeun,
934,,12,양미경,Yang Mikyung,
935,,11,양병열,Yang Byungyeol,
936,,11,양세종,Yang Sejong,
937,,11,양정아,Yang Junga,
938,,12,양조아,Yang Joa,
939,,11,양한열,Yang Hanyeol,
940,,11,양현민,Yang Hyunmin,
941,,12,양혜지,Yang Hyeji,
942,,11,양흥주,Yang Heungju,
943,,12,양희경,Yang Heekyung,
944,,11,엄기준,Um Kijun,
945,,11,엄상현,Um Sanghyun,
946,,12,엄앵란,Um Aengran,
947,,12,엄정화,Um Junghwa,
948,,12,엄지원,Um Jiwon,
949,,11,엄태구,Um Taegu,
950,,12,엄태웅,Um Taewoong,
951,,12,엄현경,Um Hyunkyung,
952,,11,엄효섭,Um Hyosub,
953,,11,여진구,Yeo Jingu,
954,,12,여호민,Yeo Homin,
955,,12,연민지,Yeon Minji,
956,,11,연우진,Yeon Woojin,
957,,11,연정훈,Yeon Junghoon,
958,,11,연제욱,Yeon Jewook,
959,,12,연지원,Yeon Jiwon,
960,,12,염정아,Yeom Junga,
961,,12,염혜란,Yeom Hyeran,
962,,12,예성,Ye Sung,
963,,12,예수정,Ye Soojung,
964,,11,예정화,Ye Junghwa,
965,,12,예지원,Ye Jiwon,
966,,11,오경주,Oh Kyungju,
967,,11,오광록,Oh Kwangrok,
968,,12,오나라,Oh Nara,
969,,11,오달수,Oh Dalsoo,
970,,11,오대규,Oh Daekyu,
971,,11,오대환,Oh Daehwan,
972,,12,오동민,Oh Dongmin,
973,,11,오만석,Oh Manseok,
974,,12,오미희,Oh Mihee,
975,,11,오민석,Oh Minseok,
976,,12,오승아,Oh Seunga,
977,,11,오승윤,Oh Seungyoon,
978,,11,오승현,Oh Seunghyun,
979,,11,오승훈,Oh Seunghoon,
980,,12,오연서,Oh Yeonseo,
981,,12,오연수,Oh Yeonsoo,
982,,11,오영실,Oh Youngsil,
983,,12,오용,Oh Yong,
984,,12,오유진,Oh Yujin,
985,,11,오윤아,Oh Yoona,
986,,12,오인혜,Oh Inhye,
987,,11,오정세,Oh Jungse,
988,,12,오준택,Oh Juntaek,
989,,11,오지명,Oh Jimyung,
990,,12,오지은,Oh Jieun,
991,,11,오지호,Oh Jiho,
992,,11,오창석,Oh Changseok,
993,,12,오하늬,Oh Hanui,
994,,12,오현경,Oh Hyunkyung,
995,,12,오혜원,Oh Hyewon,
996,,11,오희준,Oh Heejun,
997,,12,옥자연,Ok Jayeon,
998,,11,옥택연,Ok Taekyeon,
999,,11,온유,On Yu,
1000,,12,왕빛나,Wang Bitna,
1001,,12,왕지원,Wang Jiwon,
1002,,12,우다비,Woo Dabi,
1003,,11,우도환,Woo Dohwan,
1004,,11,우연,Woo Yeon,
1005,,11,우정신,Woo Jungsin,
1006,,12,우지현,Woo Jihyun,
1007,,12,원지안,Won Jian,
1008,,11,위하준,Wi Hajun,
1009,,12,유다미,Yoo Dami,
1010,,11,유동근,Yoo Donggeun,
1011,,12,유라,Yoo Ra,
1012,,11,유리,Yoo Ri,
1013,,12,유선,Yoo Sun,
1014,,12,유설아,Yoo Seola,
1015,,11,유승호,Yoo Seungho,
1016,,11,유아인,Yoo Ain,
1017,,11,유연석,Yoo Yeonseok,
1018,,11,유오성,Yoo Osung,
1019,,12,유은미,Yoo Eunmi,
1020,,12,유이,Yoo Yi,
1021,,12,유인나,Yoo Inna,
1022,,11,유인수,Yoo Insoo,
1023,,11,유인영,Yoo Inyoung,
1024,,11,유재명,Yoo Jaemyung,
1025,,12,유정래,Yoo Jungrae,
1026,,11,유준상,Yoo Junsang,
1027,,12,유진,Yoo Jin,
1028,,12,유지인,Yoo Jiin,
1029,,11,유지태,Yoo Jitae,
1030,,11,유지태,Yoo Jitae,
1031,,11,유해진,Yoo Haejin,
1032,,12,유혜인,Yoo Hyein,
1033,,11,육성재,Yuk Sungjae,
1034,,11,윤계상,Yoon Gyesang,
1035,,11,윤균상,Yoon Kyunsang,
1036,,11,윤기원,Yoon Kiwon,
1037,,11,윤나무,Yoon Namoo,
1038,,11,윤다훈,Yoon Dahoon,
1039,,12,윤미라,Yoon Mira,
1040,,12,윤박,Yoon Bark,
1041,,11,윤상현,Yoon Sanghyun,
1042,,12,윤서아,Yoon Seoa,
1043,,11,윤선우,Yoon Sunwoo,
1044,,11,윤성모,Yoon Sungmo,
1045,,11,윤세아,Yoon Sea,
1046,,12,윤소이,Yoon Soyi,
1047,,12,윤손하,Yoon Sonha,
1048,,12,윤승아,Yoon Seunga,
1049,,11,윤시윤,Yoon Siyoon,
1050,,12,윤아,Yoon A,
1051,,12,윤아정,Yoon Ajung,
1052,,12,윤여정,Yoon Yeojung,
1053,,12,윤은혜,Yoon Eunhye,
1054,,12,윤진이,Yoon Jinyi,
1055,,12,윤해영,Yoon Haeyoung,
1056,,11,은지원,Eun Jiwon,
1057,,12,이가령,Lee Garyung,
1058,,12,이경심,Lee Kyungsim,
1059,,11,이경영,Lee Kyungyoung,
1060,,11,이계인,Lee Gyein,
1061,,11,이광기,Lee Kwangki,
1062,,11,이광수,Lee Kwangsoo,
1063,,11,이규형,Lee Kyuhyung,
1064,,11,이기광,Lee Kikwang,
1065,,11,이기영,Lee Kiyoung,
1066,,11,이기우,Lee Kiwoo,
1067,,12,이기택,Lee Kitaek,
1068,,12,이나은,Lee Naeun,
1069,,12,이다인,Lee Dain,
1070,,11,이다일,Lee Dail,
1071,,11,이다해,Lee Dahae,
1072,,12,이다희,Lee Dahee,
1073,,11,이대연,Lee Daeyeon,
1074,,11,이덕화,Lee Dukhwa,
1075,,11,이도경,Lee Dokyung,
1076,,11,이도영,Lee Doyoung,
1077,,11,이도현,Lee Dohyun,
1078,,11,이동건,Lee Donggun,
1079,,11,이동욱,Lee Dongwook,
1080,,11,이동휘,Lee Donghwi,
1081,,11,이두일,Lee Dooil,
1082,,12,이레,Lee Re,
1083,,12,이루비,Lee Rubi,
1084,,12,이린하,Lee Rinha,
1085,,11,이무생,Lee Moosaeng,
1086,,11,이미경,Lee Mikyung,
1087,,12,이미숙,Lee Misook,
1088,,11,이미연,Lee Miyeon,
1089,,12,이미영,Lee Miyoung,
1090,,11,이미자,Lee Mija,
1091,,11,이민기,Lee Minki,
1092,,12,이민영,Lee Minyoung,
1093,,12,이민우,Lee Minwoo,
1094,,11,이민재,Lee Minjae,
1095,,11,이민정,Lee Minjung,
1096,,12,이민지,Lee Minji,
1097,,11,이민호,Lee Minho,
1098,,11,이범수,Lee Bumsoo,
1099,,11,이병준,Lee Byungjun,
1100,,11,이병헌,Lee Byungheon,
1101,,12,이보영,Lee Boyoung,
1102,,12,이보영,Lee Boyoung,
1103,,12,이봄,Lee Bom,
1104,,12,이상아,Lee Sanga,
1105,,11,이상엽,Lee Sangyup,
1106,,11,이상우,Lee Sangwoo,
1107,,11,이상윤,Lee Sangyoon,
1108,,12,이상이,Lee Sangyi,
1109,,11,이상진,Lee Sangjin,
1110,,11,이서진,Lee Seojin,
1111,,11,이서환,Lee Seohwan,
1112,,11,이석형,Lee Seokhyung,
1113,,12,이선,Lee Sun,
1114,,11,이선균,Lee Sunkyun,
1115,,12,이선빈,Lee Sunbin,
1116,,12,이선호,Lee Sunho,
1117,,12,이선희,Lee Sunhee,
1118,,11,이설,Lee Seol,
1119,,12,이성경,Lee Sungkyung,
1120,,11,이성민,Lee Sungmin,
1121,,11,이성욱,Lee Sungwook,
1122,,11,이성재,Lee Sungjae,
1123,,12,이세영,Lee Seyoung,
1124,,12,이세온,Lee Seon,
1125,,11,이세진,Lee Sejin,
1126,,11,이세희,Lee Sehee,
1127,,12,이소연,Lee Soyeon,
1128,,11,이소영,Lee Soyoung,
1129,,11,이솜,Lee Som,
1130,,12,이수경,Lee Sookyung,
1131,,11,이수혁,Lee Soohyuk,
1132,,11,이숙희,Lee Sookhee,
1133,,11,이순재,Lee Soonjae,
1134,,11,이승규,Lee Seungkyu,
1135,,11,이승기,Lee Seungki,
1136,,12,이승연,Lee Seungyeon,
1137,,11,이승협,Lee Seunghyub,
1138,,11,이승효,Lee Seunghyo,
1139,,11,이시강,Lee Sikang,
1140,,12,이시아,Lee Sia,
1141,,11,이시언,Lee Sieon,
1142,,12,이시영,Lee Siyoung,
1143,,12,이시원,Lee Siwon,
1144,,11,이시환,Lee Sihwan,
1145,,12,이신애,Lee Sinae,
1146,,11,이신영,Lee Sinyoung,
1147,,11,이아린,Lee Arin,
1148,,12,이아진,Lee Ajin,
1149,,12,이아현,Lee Ahyun,
1150,,12,이엘,Lee El,
1151,,12,이엘리야,Lee Elriya,
1152,,12,이연희,Lee Yeonhee,
1153,,12,이열음,Lee Yeoleum,
1154,,12,이영란,Lee Youngran,
1155,,11,이영석,Lee Youngseok,
1156,,12,이영아,Lee Younga,
1157,,11,이영은,Lee Youngeun,
1158,,11,이완,Lee Wan,
1159,,12,이요원,Lee Yowon,
1160,,12,이원근,Lee Wongeun,
1161,,11,이원종,Lee Wonjong,
1162,,12,이유리,Lee Yuri,
1163,,11,이유미,Lee Yumi,
1164,,12,이유비,Lee Yubi,
1165,,12,이유영,Lee Yuyoung,
1166,,12,이유진,Lee Yujin,
1167,,12,이윤지,Lee Yoonji,
1168,,11,이윤회,Lee Yoonhoi,
1169,,11,이이경,Lee Yikyung,
1170,,12,이인혜,Lee Inhye,
1171,,11,이일준,Lee Iljun,
1172,,12,이일화,Lee Ilhwa,
1173,,12,이자명,Lee Jamyung,
1174,,11,이장우,Lee Jangwoo,
1175,,11,이장원,Lee Jangwon,
1176,,11,이재욱,Lee Jaewook,
1177,,12,이재윤,Lee Jaeyoon,
1178,,12,이재인,Lee Jaein,
1179,,12,이재현,Lee Jaehyun,
1180,,11,이정재,Lee Jungjae,
1181,,11,이제훈,Lee Jehoon,
1182,,11,이종석,Lee Jongseok,
1183,,11,이종수,Lee Jongsoo,
1184,,11,이종원,Lee Jongwon,
1185,,11,이종혁,Lee Jonghyuk,
1186,,11,이종현,Lee Jonghyun,
1187,,12,이주빈,Lee Jubin,
1188,,11,이준,Lee Jun,
1189,,11,이준기,Lee Junki,
1190,,11,이준혁,Lee Junhyuk,
1191,,11,이준호,Lee Junho,
1192,,12,이지아,Lee Jia,
1193,,11,이진욱,Lee Jinwook,
1194,,11,이찬형,Lee Chanhyung,
1195,,11,이창훈,Lee Changhoon,
1196,,11,이채민,Lee Chaemin,
1197,,11,이채영,Lee Chaeyoung,
1198,,11,이채은,Lee Chaeeun,
1199,,11,이청아,Lee Chunga,
1200,,11,이초희,Lee Chohee,
1201,,12,이태란,Lee Taeran,
1202,,11,이태리,Lee Taeri,
1203,,11,이푸름,Lee Pureum,
1204,,11,이필립,Lee Pilrib,
1205,,11,이필모,Lee Pilmo,
1206,,12,이하나,Lee Hana,
1207,,12,이하늬,Lee Hanui,
1208,,11,이하율,Lee Hayul,
1209,,11,이해영,Lee Haeyoung,
1210,,12,이해인,Lee Haein,
1211,,11,이현우,Lee Hyunwoo,
1212,,11,이현주,Lee Hyunju,
1213,,11,이현진,Lee Hyunjin,
1214,,12,이혜영,Lee Hyeyoung,
1215,,12,이홍기,Lee Hongki,
1216,,11,이홍렬,Lee Hongryul,
1217,,11,인교진,In Kyojin,
1218,,12,임나영,Im Nayoung,
1219,,12,임도윤,Im Doyoon,
1220,,12,임보라,Im Bora,
1221,,12,임세미,Im Semi,
1222,,11,임수정,Im Soojung,
1223,,12,임수향,Im Soohyang,
1224,,11,임시완,Im Siwan,
1225,,11,임영웅,Im Youngwoong,
1226,,12,임예진,Im Yejin,
1227,,11,임원희,Im Wonhee,
1228,,11,임윤아,Im Yoona,
1229,,12,임윤정,Im Yoonjung,
1230,,12,임채무,Im Chaemu,
1231,,12,임채원,Im Chaewon,
1232,,11,임철수,Im Chulsoo,
1233,,11,임현성,Im Hyunsung,
1234,,11,임현식,Im Hyunsik,
1235,,12,임형준,Im Hyungjun,
1236,,12,장광,Jang Kwang,
1237,,11,장근석,Jang Geunseok,
1238,,11,장기용,Jang Kiyong,
1239,,12,장나라,Jang Nara,
1240,,11,장동건,Jang Donggun,
1241,,11,장동윤,Jang Dongyoon,
1242,,12,장미,Jang Mi,
1243,,12,장서희,Jang Seohee,
1244,,11,장원혁,Jang Wonhyuk,
1245,,12,장원형,Jang Wonhyung,
1246,,12,장윤정,Jang Yoonjung,
1247,,12,장윤주,Jang Yoonju,
1248,,12,장진희,Jang Jinhee,
1249,,11,장태성,Jang Taesung,
1250,,11,장혁,Jang Hyuk,
1251,,12,장현성,Jang Hyunsung,
1252,,12,장혜진,Jang Hyejin,
1253,,12,장희령,Jang Heeryung,
1254,,12,장희진,Jang Heejin,
1255,,12,전도연,Jeon Doyeon,
1256,,12,전미도,Jeon Mido,
1257,,12,전미선,Jeon Misun,
1258,,12,전소니,Jeon Soni,
1259,,12,전소민,Jeon Somin,
1260,,12,전여빈,Jeon Yeobin,
1261,,11,전인택,Jeon Intaek,
1262,,12,전재영,Jeon Jaeyoung,
1263,,12,전종서,Jeon Jongseo,
1264,,12,전지안,Jeon Jian,
1265,,12,전지현,Jeon Jihyun,
1266,,12,전진아,Jeon Jina,
1267,,11,전태수,Jeon Taesoo,
1268,,11,전혜빈,Jeon Hyebin,
1269,,12,전혜연,Jeon Hyeyeon,
1270,,12,전혜원,Jeon Hyewon,
1271,,11,정가람,Jung Garam,
1272,,12,정가은,Jung Gaeun,
1273,,11,정겨운,Jung Gyeowoon,
1274,,12,정경순,Jung Kyungsoon,
1275,,11,정경호,Jung Kyungho,
1276,,12,정다빈,Jung Dabin,
1277,,11,정대홍,Jung Daehong,
1278,,11,정려원,Jung Ryeowon,
1279,,11,정만식,Jung Mansik,
1280,,11,정보석,Jung Boseok,
1281,,11,정상훈,Jung Sanghoon,
1282,,11,정서연,Jung Seoyeon,
1283,,11,정석용,Jung Seokyong,
1284,,12,정석원,Jung Seokwon,
1285,,12,정소민,Jung Somin,
1286,,11,정소영,Jung Soyoung,
1287,,11,정수교,Jung Sookyo,
1288,,11,정수빈,Jung Soobin,
1289,,12,정시아,Jung Sia,
1290,,12,정신혜,Jung Sinhye,
1291,,12,정애리,Jung Aeri,
1292,,12,정연주,Jung Yeonju,
1293,,11,정영주,Jung Youngju,
1294,,11,정용화,Jung Yonghwa,
1295,,11,정우,Jung Woo,
1296,,11,정욱,Jung Wook,
1297,,12,정우성,Jung Woosung,
1298,,11,정욱진,Jung Wookjin,
1299,,11,정웅인,Jung Woongin,
1300,,12,정원중,Jung Wonjoong,
1301,,11,정원창,Jung Wonchang,
1302,,12,정유미,Jung Yumi,
1303,,12,정유민,Jung Yumin,
1304,,11,정유진,Jung Yujin,
1305,,11,정은우,Jung Eunwoo,
1306,,12,정은지,Jung Eunji,
1307,,12,정은채,Jung Eunchae,
1308,,11,정은표,Jung Eunpyo,
1309,,11,정은혜,Jung Eunhye,
1310,,11,정이서,Jung Yiseo,
1311,,11,정인기,Jung Inki,
1312,,11,정일우,Jung Ilwoo,
1313,,11,정준원,Jung Junwon,
1314,,11,정준하,Jung Junha,
1315,,11,정준호,Jung Junho,
1316,,12,정지소,Jung Jiso,
1317,,12,정지아,Jung Jia,
1318,,12,정지훈,Jung Jihoon,
1319,,11,정진영,Jung Jinyoung,
1320,,11,정진우,Jung Jinwoo,
1321,,11,정진운,Jung Jinwoon,
1322,,11,정찬우,Jung Chanwoo,
1323,,12,정채연,Jung Chaeyeon,
1324,,11,정하준,Jung Hajun,
1325,,11,정해균,Jung Haekyun,
1326,,11,정해인,Jung Haein,
1327,,11,정헌,Jung Heon,
1328,,11,정혜린,Jung Hyerin,
1329,,12,정혜선,Jung Hyesun,
1330,,12,정혜성,Jung Hyesung,
1331,,12,정혜영,Jung Hyeyoung,
1332,,12,정혜원,Jung Hyewon,
1333,,11,정호빈,Jung Hobin,
1334,,11,제이홉,Jae Yihop,
1335,,12,조경현,Cho Kyunghyun,
1336,,12,조경환,Cho Kyunghwan,
1337,,11,조병규,Cho Byungkyu,
1338,,11,조병만,Cho Byungman,
1339,,12,조보아,Cho Boa,
1340,,11,조승연,Cho Seungyeon,
1341,,11,조승우,Cho Seungwoo,
1342,,11,조승희,Cho Seunghee,
1343,,12,조여정,Cho Yeojung,
1344,,12,조우리,Cho Woori,
1345,,11,조우진,Cho Woojin,
1346,,11,조유신,Cho Yusin,
1347,,12,조윤희,Cho Yoonhee,
1348,,11,조은지,Cho Eunji,
1349,,12,조인,Cho In,
1350,,11,조이현,Cho Yihyun,
1351,,11,조인성,Cho Insung,
1352,,11,조재룡,Cho Jaeryong,
1353,,11,조재윤,Cho Jaeyoon,
1354,,11,조재현,Cho Jaehyun,
1355,,11,조정석,Cho Jungseok,
1356,,12,조진웅,Cho Jinwoong,
1357,,11,조찬형,Cho Chanhyung,
1358,,12,조한선,Cho Hansun,
1359,,11,조한철,Cho Hanchul,
1360,,11,조현우,Cho Hyunwoo,
1361,,11,조혜정,Cho Hyejung,
1362,,11,조희봉,Cho Heebong,
1363,,11,주상욱,Joo Sangwook,
1364,,12,주세빈,Joo Sebin,
1365,,11,주아성,Joo Asung,
1366,,12,주우재,Joo Woojae,
1367,,11,주원,Joo Won,
1368,,11,주증녀,Joo Jeungnyu,
1369,,11,준,Jun ,
1370,,11,주지훈,Joo Jihoon,
1371,,11,주진모,Joo Jinmo,
1372,,11,주현,Joo Hyun,
1373,,11,주호,Joo Ho,
1374,,11,준호,Jun Ho,
1375,,12,진,Jin ,
1376,,11,지상렬,Ji Sangryul,
1377,,11,지성,Ji Sung,
1378,,11,지수,Ji Soo,
1379,,12,지수원,Ji Soowon,
1380,,11,지승현,Ji Seunghyun,
1381,,12,지은,Ji Eun,
1382,,12,지이수,Ji Yisoo,
1383,,11,지일주,Ji Ilju,
1384,,11,지진희,Ji Jinhee,
1385,,11,지찬,Ji Chan,
1386,,11,지창욱,Ji Changwook,
1387,,12,지헤라,Ji Hera,
1388,,11,지현우,Ji Hyunwoo,
1389,,12,진경,Jin Kyung,
1390,,11,진구,Jin Gu,
1391,,11,진보라,Jin Bora,
1392,,12,진서연,Jin Seoyeon,
1393,,11,진선규,Jin Sunkyu,
1394,,12,진세연,Jin Seyeon,
1395,,12,진영,Jin Young,
1396,,12,진예솔,Jin Yesol,
1397,,11,진이한,Jin Yihan,
1398,,12,진희경,Jin Heekyung,
1399,,12,차미경,Cha Mikyung,
1400,,12,차민지,Cha Minji,
1401,,12,차보성,Cha Bosung,
1402,,11,차승원,Cha Seungwon,
1403,,12,차시원,Cha Siwon,
1404,,12,차예련,Cha Yeryeon,
1405,,11,차은우,Cha Eunwoo,
1406,,11,차인표,Cha Inpyo,
1407,,11,차인하,Cha Inha,
1408,,11,차지혁,Cha Jihyuk,
1409,,11,차태현,Cha Taehyun,
1410,,12,차화연,Cha Hwayeon,
1411,,11,채동현,Chae Donghyun,
1412,,12,채림,Chae Rim,
1413,,12,채수빈,Chae Soobin,
1414,,12,채시라,Chae Sira,
1415,,12,채인우,Chae Inwoo,
1416,,12,채정안,Chae Jungan,
1417,,11,채종협,Chae Jonghyub,
1418,,12,천우희,Cheon Woohee,
1419,,11,천정명,Cheon Jungmyung,
1420,,11,천지선,Cheon Jisun,
1421,,11,천호진,Cheon Hojin,
1422,,11,최다니엘,Choi Daniel,
1423,,11,최무성,Choi Moosung,
1424,,11,최민수,Choi Minsoo,
1425,,11,최민식,Choi Minsik,
1426,,11,최보민,Choi Bomin,
1427,,11,최불암,Choi Bulam,
1428,,11,최수종,Choi Soojong,
1429,,11,최승윤,Choi Seungyoon,
1430,,11,최승현,Choi Seunghyun,
1431,,12,최양락,Choi Yangrak,
1432,,12,최예빈,Choi Yebin,
1433,,11,최우성,Choi Woosung,
1434,,11,최우식,Choi Woosik,
1435,,11,최원영,Choi Wonyoung,
1436,,12,최유라,Choi Yura,
1437,,12,최일화,Choi Ilhwa,
1438,,11,최재림,Choi Jaerim,
1439,,11,최재섭,Choi Jaesub,
1440,,11,최재성,Choi Jaesung,
1441,,12,최지연,Choi Jiyeon,
1442,,12,최지우,Choi Jiwoo,
1443,ㅡ,11,최현욱,Choi Hyunwook,
1444,,11,최홍일,Choi Hongil,
1445,,12,추예진,Chu Yejin,
1446,,12,추자현,Chu Jahyun,
1447,,11,탁재훈,Tak Jaehoon,
1448,,11,태인호,Tae Inho,
1449,,11,태항호,Tae Hangho,
1450,,12,표예진,Pyo Yejin,
1451,,11,피오,Pi O,
1452,,12,하영,Ha Young,
1453,,11,하정우,Ha Jungwoo,
1454,,11,하준,Ha Jun,
1455,,12,하지원,Ha Jiwon,
1456,,12,한가인,Han Gain,
1457,,12,한경화,Han Kyunghwa,
1458,,12,한다솔,Han Dasol,
1459,,11,한보름,Han Boreum,
1460,,11,한상진,Han Sangjin,
1461,,11,한석규,Han Seokkyu,
1462,,12,한소은,Han Soeun,
1463,,12,한소희,Han Sohee,
1464,,12,한승연,Han Seungyeon,
1465,,11,한승윤,Han Seungyoon,
1466,,11,한예리,Han Yeri,
1467,,12,한예슬,Han Yeseul,
1468,,12,한지민,Han Jimin,
1469,,12,한지완,Han Jiwan,
1470,,12,한지원,Han Jiwon,
1471,,12,한지은,Han Jieun,
1472,,12,한지현,Han Jihyun,
1473,,12,한지효,Han Jihyo,
1474,,11,한진희,Han Jinhee,
1475,,11,한태경,Han Taekyung,
1476,,12,한혜진,Han Hyejin,
1477,,12,한효주,Han Hyoju,
1478,,12,함은정,Ham Eunjung,
1479,,11,허성태,Heo Sungtae,
1480,,11,현빈,Hyun Bin,
1481,,12,홍수현,Hong Soohyun,
1482,,12,홍종현,Hong Jonghyun,
1483,,11,황정민,Hwang Jungmin,
1484,,12,황정음,Hwang Jungeum,